,Candidate Deidentified ID,Work Company Name Deidentified ID,Work History Title,Work History Start Year,Work History End Year,Work History Start Month,Work History End Month
183,28,72.0,,2020.0,,6.0,
535,83,222.0,IT Business Analyst,2017.0,2018.0,5.0,7.0
520,80,214.0,,2019.0,2019.0,,
676,104,289.0,Report Developer,2013.0,2015.0,10.0,11.0
786,115,325.0,Business Analyst,2020.0,2021.0,11.0,4.0
120,23,55.0,Desktop Support,2016.0,2016.0,4.0,8.0
172,27,67.0,Software Engineer,2008.0,2009.0,1.0,6.0
610,95,258.0,Data Analyst,2010.0,2016.0,12.0,6.0
114,23,55.0,Data Analyst,2016.0,2018.0,9.0,8.0
545,85,229.0,VP,2021.0,,9.0,
149,26,63.0,Tableau Developer,2016.0,2020.0,10.0,2.0
82,16,42.0,Senior Business Analyst,2017.0,2018.0,7.0,10.0
306,49,121.0,Business Intelligence Analyst,2017.0,2018.0,10.0,5.0
533,83,223.0,Business Analyst,2021.0,2022.0,9.0,1.0
771,114,318.0,Design Engineer,2020.0,,9.0,
416,59,160.0,Analytic Consultant,2012.0,2014.0,10.0,2.0
71,14,35.0,Marketing Coordinator,2016.0,2017.0,6.0,7.0
433,61,168.0,Data Analyst,2017.0,2017.0,8.0,11.0
412,58,158.0,Software Engineer,2014.0,2014.0,6.0,8.0
445,63,173.0,DATA SPECIALIST,2015.0,2017.0,9.0,5.0
763,113,313.0,Post-Doctoral Researcher,2015.0,2016.0,,
625,97,,,,,,
638,102,275.0,Regional Sales Manager,1998.0,2001.0,11.0,5.0
541,84,227.0,BI ANALYST,2021.0,,2.0,
58,11,26.0,Atlassian Consultant,2019.0,2020.0,3.0,3.0
826,121,338.0,,2019.0,2021.0,1.0,4.0
682,105,293.0,BI Analyst,2018.0,2019.0,6.0,9.0
887,131,367.0,,2020.0,2020.0,1.0,3.0
850,125,352.0,Data Analyst- Data Analysis,2020.0,2021.0,10.0,12.0
427,60,164.0,Business Analyst,2020.0,,6.0,
461,68,182.0,Portfolio Analyst,2019.0,,,
563,87,233.0,Graduate Research Assistant,2018.0,2018.0,2.0,8.0
937,143,395.0,Data Analyst,2016.0,2020.0,8.0,10.0
946,145,398.0,Product Analyst,2020.0,2021.0,3.0,4.0
671,104,284.0,Analytics Consultant,2019.0,2019.0,3.0,6.0
695,107,121.0,Business Intelligence Analyst,2017.0,2018.0,10.0,5.0
791,115,326.0,Customer Service Representative,2020.0,2021.0,4.0,4.0
855,126,354.0,SQL BI Analyst,2016.0,2018.0,1.0,3.0
983,150,411.0,Industrial Engineer,2011.0,2014.0,2.0,3.0
383,56,151.0,Business Analyst,2009.0,2010.0,1.0,12.0
160,27,68.0,,2017.0,2018.0,11.0,9.0
314,50,127.0,PROCUREMENT ANALYST - BI,2021.0,2021.0,1.0,4.0
406,56,152.0,Senior Data Analyst,2020.0,2022.0,11.0,6.0
148,26,63.0,Tableau Developer,2016.0,2020.0,10.0,2.0
527,82,218.0,Business Analyst,2022.0,2022.0,1.0,3.0
228,34,91.0,Pricing Analyst,2021.0,,11.0,
780,114,320.0,Product Operations and Project Engineering Intern,2018.0,2019.0,6.0,8.0
37,8,16.0,Bartender,2017.0,2017.0,8.0,8.0
939,144,396.0,Financial Reporting Analyst,2017.0,2020.0,1.0,2.0
116,23,57.0,,2020.0,2020.0,1.0,4.0
507,75,207.0,Database Developer,2017.0,2020.0,6.0,9.0
501,74,204.0,,2016.0,,,
277,43,109.0,IT ANALYST,2014.0,2017.0,4.0,1.0
1009,152,420.0,GRADUATE TEACHING ASSISTANT,2015.0,2016.0,9.0,8.0
566,88,239.0,Business Intelligence Analyst,2019.0,2021.0,1.0,4.0
236,35,,,,,,
24,5,11.0,Manufacturing Intern,2017.0,2017.0,1.0,2.0
178,28,72.0,,2019.0,,6.0,
196,29,75.0,Operations Data Intern,2017.0,2018.0,8.0,6.0
378,56,149.0,Business Intelligence Analyst,2017.0,2019.0,11.0,12.0
660,102,278.0,Area Manager,2001.0,2004.0,6.0,4.0
401,56,32.0,Business System Analyst,2013.0,2017.0,4.0,11.0
333,53,138.0,Data Scientist,2019.0,2020.0,,
930,141,391.0,,2011.0,2014.0,5.0,10.0
940,144,396.0,Lead Financial Reporting Analyst,2020.0,2021.0,3.0,3.0
727,113,312.0,Post-Doctoral Researcher,2017.0,2018.0,,
846,124,347.0,Economics and Innovation Consultant,2019.0,2019.0,6.0,8.0
90,16,47.0,Statistician III,2011.0,2014.0,5.0,2.0
66,12,31.0,Business Intelligence Analyst,2020.0,2021.0,6.0,12.0
269,41,104.0,Data Analyst,2018.0,2021.0,8.0,4.0
709,110,304.0,Accounting manager,2013.0,2017.0,7.0,12.0
783,114,323.0,Community Volunteer,2018.0,2019.0,,
913,136,379.0,Power BI Developer,2020.0,,5.0,
734,113,315.0,Student Researcher,2011.0,2015.0,,
922,138,384.0,Consultant,2014.0,2016.0,1.0,10.0
599,94,254.0,IT Operations Coordinator,2018.0,2019.0,6.0,3.0
112,22,53.0,Market Operation Specialist,2020.0,2020.0,1.0,6.0
651,102,275.0,Regional Sales Manager,1998.0,2001.0,11.0,5.0
546,85,230.0,PRODUCT OWNER,2013.0,2021.0,7.0,8.0
356,55,144.0,Aircraft Engineer,2019.0,2020.0,,
815,119,333.0,Data Analyst,2019.0,2022.0,10.0,3.0
964,149,406.0,Power BI Developer,2019.0,2021.0,12.0,8.0
565,88,239.0,Business Intelligence Analyst,2019.0,2021.0,1.0,4.0
705,109,300.0,Analyst,2014.0,2014.0,1.0,12.0
447,64,175.0,Data Analysis Technician,2016.0,2016.0,4.0,6.0
197,30,77.0,Lead Tableau Developer,2021.0,,9.0,
259,38,99.0,Software Engineer,2018.0,2021.0,7.0,8.0
806,117,330.0,Engineer,2004.0,2005.0,,
340,53,138.0,Data Scientist,2019.0,2020.0,,
998,152,418.0,BUSINESS DATA ANALYST,2019.0,,10.0,
526,81,217.0,BI Developer,2017.0,2018.0,1.0,5.0
710,111,305.0,Founder,2020.0,2020.0,6.0,12.0
729,113,312.0,Post-Doctoral Researcher,2020.0,2021.0,,
347,54,139.0,Operations - Executive Facility Management& Marketing,2011.0,2019.0,3.0,2.0
2,2,3.0,Data Entry Clerk,2022.0,2022.0,2.0,4.0
863,129,359.0,Software Engineer,2016.0,2018.0,4.0,2.0
346,54,141.0,Senior Administrative Officer,2007.0,2011.0,4.0,3.0
876,130,361.0,Data Reporting Analyst,2017.0,2017.0,,
1011,152,420.0,GRADUATE TEACHING ASSISTANT,2015.0,2016.0,9.0,8.0
267,40,101.0,Data Analyst,2020.0,,9.0,
1006,152,420.0,GRADUATE TEACHING ASSISTANT,2015.0,2016.0,9.0,8.0
261,40,101.0,Data Analyst,2020.0,,9.0,
457,67,180.0,"Analyst, QA Information",2017.0,2019.0,,
349,54,141.0,Senior Administrative Officer,2007.0,2011.0,4.0,3.0
707,109,302.0,Business Data Analyst,2020.0,2021.0,2.0,3.0
953,146,400.0,Data Science Analyst,2021.0,2021.0,8.0,12.0
167,27,66.0,Technical Support Associate,2006.0,2006.0,8.0,12.0
891,131,365.0,,2018.0,2019.0,6.0,3.0
296,47,118.0,PL/SQL DEVELOPER,2004.0,2010.0,5.0,1.0
65,12,28.0,Delivery Lead,2016.0,2019.0,8.0,12.0
376,56,148.0,Accounting office Associate,2011.0,2013.0,11.0,4.0
29,7,14.0,Winter Intern - Data Analytics,2022.0,2022.0,1.0,4.0
41,8,16.0,,2017.0,2018.0,11.0,5.0
467,70,188.0,Senior BI Engineer,2021.0,,9.0,
836,122,343.0,,2020.0,2020.0,1.0,7.0
78,15,38.0,,2017.0,2019.0,3.0,7.0
224,33,89.0,Lecturer - Computer Engineering,2019.0,2021.0,7.0,3.0
932,141,392.0,,2017.0,2018.0,3.0,10.0
735,113,312.0,Teaching Assistant,2011.0,2015.0,,
852,126,353.0,SQL BI/DB Analyst,2019.0,2021.0,9.0,1.0
324,51,134.0,Technical Assistant - Energy and Sustainability Team,2018.0,2018.0,7.0,8.0
32,7,14.0,Winter Intern - Data Analytics,2022.0,2022.0,1.0,4.0
4,3,5.0,Solution Architect,2020.0,2020.0,9.0,9.0
661,102,278.0,Area Manager,2001.0,2004.0,6.0,4.0
47,9,18.0,Analyst,2017.0,2018.0,5.0,10.0
145,26,62.0,Business Intelligence Analyst,2020.0,,3.0,
362,55,143.0,Technician,2016.0,2016.0,,
915,136,379.0,Power BI Developer,2020.0,,5.0,
547,86,231.0,Senior Data Analyst,2015.0,2017.0,2.0,10.0
945,145,398.0,Product Analyst,2020.0,2021.0,3.0,4.0
297,47,116.0,DATA ANALYST/REPORTING ANALYTICS,2014.0,2017.0,5.0,1.0
755,113,314.0,Teaching Assistant,2002.0,2003.0,,
146,26,62.0,Business Intelligence Analyst,2020.0,,3.0,
140,23,58.0,CVITP Volunteer,2020.0,2020.0,1.0,5.0
214,32,87.0,Business Intelligence Intern,2017.0,2017.0,1.0,7.0
513,77,92.0,Sales Operation Analyst,2021.0,,12.0,
550,86,232.0,Investment Analyst,2017.0,2020.0,12.0,5.0
841,124,347.0,Economics and Innovation Consultant,2019.0,2019.0,6.0,8.0
885,131,365.0,,2018.0,2019.0,6.0,3.0
950,146,399.0,Research Analyst,2019.0,2021.0,6.0,8.0
875,130,360.0,Data Analyst,2021.0,,,
957,148,244.0,Data Analyst,2017.0,2020.0,12.0,1.0
284,46,114.0,"Software Engineer, Business Intelligence",2014.0,2015.0,9.0,12.0
275,43,107.0,TECHNICAL SPECIALIST,2020.0,2020.0,2.0,3.0
728,113,312.0,Post-Doctoral Researcher,2017.0,2018.0,,
817,120,334.0,Bookkeeper,2021.0,2021.0,,
572,89,60.0,Graduate Teaching Assistant,2021.0,2022.0,9.0,4.0
55,11,23.0,Director of IT,2016.0,2018.0,5.0,5.0
84,16,44.0,Market Research Assistant,2009.0,2010.0,6.0,1.0
657,102,274.0,Business & Organizational Development Manager,2018.0,2019.0,11.0,7.0
187,28,72.0,,2019.0,,6.0,
560,87,238.0,,2020.0,2021.0,2.0,12.0
742,113,312.0,Post-Doctoral Researcher,2020.0,2021.0,,
141,23,58.0,CVITP Volunteer,2020.0,2020.0,1.0,5.0
59,11,27.0,Software Engineer,2003.0,2006.0,6.0,4.0
580,90,188.0,SQL Developer /Azure,2021.0,,3.0,
409,57,155.0,,2020.0,2021.0,9.0,4.0
997,151,417.0,Senior Analytics Consultant,2021.0,,3.0,
26,6,,,,,,
758,113,312.0,Post-Doctoral Researcher,2020.0,2021.0,,
364,55,145.0,Aircraft Mechanic,2017.0,2019.0,,
446,63,174.0,BUSINESS INTELLIGENCE ANALYST,2014.0,2015.0,9.0,8.0
634,101,271.0,SQL BI Developer,2021.0,,3.0,
273,42,106.0,Machine Learning Consultant,2021.0,,5.0,
1013,152,419.0,RESOURCE OPTIMIZATION SPECIALIST,2017.0,2019.0,11.0,9.0
96,16,42.0,Senior Business Analyst,2017.0,2018.0,7.0,10.0
696,107,123.0,Jr Business Analyst,2015.0,2017.0,5.0,8.0
193,29,75.0,Operations Data Intern,2017.0,2018.0,8.0,6.0
240,37,95.0,Data Analyst,2016.0,2018.0,10.0,2.0
132,23,55.0,Desktop Support,2016.0,2016.0,4.0,8.0
720,112,309.0,Research Student,2019.0,2019.0,1.0,8.0
906,134,374.0,LOAN PROCESSOR,2006.0,2012.0,,
534,83,223.0,Business Analyst,2021.0,2022.0,9.0,1.0
938,143,395.0,Data Analyst,2016.0,2020.0,8.0,10.0
491,73,196.0,Data Analyst,2019.0,2020.0,6.0,12.0
632,100,,,,,,
929,140,390.0,Data Analyst,2012.0,2015.0,12.0,6.0
49,9,20.0,,2016.0,2016.0,10.0,12.0
971,150,410.0,Business Analyst,2014.0,2018.0,3.0,9.0
652,102,276.0,Investment Manager,2021.0,2021.0,2.0,8.0
109,21,51.0,Business Analyst/IT Support,2017.0,2019.0,,
182,28,74.0,Enterprise Resource Database Analyst,2016.0,2017.0,1.0,1.0
237,35,,,,,,
966,150,408.0,Business Analyst,2010.0,2011.0,6.0,2.0
156,27,69.0,Lecturer,2009.0,2010.0,9.0,9.0
968,150,408.0,Business Analyst,2010.0,2011.0,6.0,2.0
194,29,76.0,Business Intelligence Analyst,2020.0,,2.0,
371,55,145.0,Technician,2016.0,2017.0,,
27,7,13.0,Business Analyst - Projects Division,2013.0,2015.0,3.0,3.0
716,111,305.0,Founder,2020.0,2020.0,6.0,12.0
480,73,199.0,Wealth Manager,2014.0,2015.0,2.0,10.0
760,113,312.0,Teaching Assistant,2011.0,2015.0,,
516,78,212.0,Database Administrator,2009.0,2011.0,4.0,3.0
290,47,117.0,TABLEAU DEVELOPER,2017.0,2021.0,2.0,12.0
207,31,82.0,TECHNICAL DATA ANALYST,2021.0,,7.0,
395,56,148.0,Accounting office Associate,2011.0,2013.0,11.0,4.0
685,106,295.0,Data Analyst,2020.0,2022.0,6.0,3.0
715,111,305.0,Founder,2020.0,2020.0,6.0,12.0
373,56,148.0,Accounting office Associate,2011.0,2013.0,11.0,4.0
528,82,219.0,Sales Assistant,2018.0,2018.0,6.0,7.0
762,113,313.0,Post-Doctoral Researcher,2015.0,2016.0,,
770,114,317.0,Childcare Supervisor,2011.0,2013.0,12.0,12.0
328,51,133.0,Operational Excellence Coordinator,2021.0,,6.0,
408,57,154.0,Customer Sales,2019.0,2019.0,2.0,10.0
481,73,200.0,,2010.0,2013.0,9.0,11.0
437,62,169.0,Data Analyst,2020.0,2022.0,12.0,2.0
294,47,117.0,TABLEAU DEVELOPER,2017.0,2021.0,2.0,12.0
44,8,16.0,Bartender,2018.0,2018.0,7.0,8.0
418,59,162.0,Sr. Systems Analyst,2014.0,2020.0,3.0,6.0
205,31,83.0,DATA ANALYST,2019.0,2021.0,8.0,7.0
607,94,255.0,SQL Database Developer,2014.0,2015.0,8.0,7.0
711,111,306.0,Analyst,2017.0,2019.0,10.0,6.0
13,3,9.0,Supply Chain Management Intern,2018.0,2019.0,9.0,4.0
810,117,330.0,Engineer,2004.0,2005.0,,
173,27,68.0,Data Analyst,2016.0,2017.0,5.0,10.0
1014,153,421.0,SQL Developer/DBA,2017.0,2019.0,11.0,4.0
188,29,75.0,Operations Data Intern,2017.0,2018.0,8.0,6.0
879,130,362.0,Retail Marketing Associate,2020.0,2020.0,,
962,149,404.0,Power BI Developer,2018.0,2019.0,6.0,11.0
144,25,61.0,Business Intelligence Analyst,2017.0,2020.0,9.0,8.0
339,53,137.0,Business Analyst,2013.0,2018.0,,
540,84,224.0,ASSOCIATE BI ANALYST,2018.0,2019.0,1.0,3.0
585,92,245.0,SQL\MSBI Developer,2016.0,2018.0,9.0,9.0
666,103,105.0,Senior Consultant,2017.0,2020.0,7.0,12.0
67,12,30.0,,2020.0,2020.0,4.0,5.0
893,132,369.0,SQL BI Developer,2020.0,2021.0,2.0,11.0
766,113,313.0,Post-Doctoral Researcher,2015.0,2016.0,,
94,16,41.0,Technical Assistant,2017.0,2017.0,3.0,6.0
466,70,187.0,Power BI Engineer,2019.0,2021.0,12.0,9.0
973,150,410.0,Business Analyst,2014.0,2018.0,3.0,9.0
210,32,85.0,Marketing Officer,2017.0,2019.0,9.0,4.0
567,88,239.0,Database Administrator,2021.0,2021.0,4.0,10.0
591,93,249.0,Data Analyst,2018.0,2021.0,11.0,5.0
1020,154,424.0,Technical Support Specialist,2020.0,2021.0,9.0,3.0
142,24,,,,,,
615,96,263.0,Specialist,2012.0,2013.0,7.0,5.0
909,135,375.0,Cashier,2020.0,2021.0,10.0,8.0
332,53,136.0,Data Scientist,2021.0,2021.0,1.0,5.0
86,16,45.0,,2020.0,2021.0,9.0,8.0
10,3,7.0,,2019.0,2020.0,9.0,4.0
34,7,13.0,Lead Associate - Business Operations,2015.0,2018.0,3.0,3.0
127,23,60.0,Graduate Teaching Assistant,2020.0,2020.0,1.0,4.0
302,48,120.0,Performance Analyst,2021.0,,,
597,94,252.0,System Analyst,2016.0,2016.0,5.0,8.0
976,150,410.0,Business Data Analyst,2018.0,2020.0,9.0,1.0
898,133,372.0,SQL DB Analyst,2016.0,2017.0,1.0,6.0
164,27,69.0,Lecturer,2009.0,2010.0,9.0,9.0
0,1,1.0,,2018.0,2021.0,12.0,11.0
471,71,192.0,SQL DEVELOPER,2015.0,2017.0,5.0,12.0
985,150,411.0,Industrial Engineer,2011.0,2014.0,2.0,3.0
230,34,90.0,Credit Data Analyst,2010.0,2020.0,2.0,9.0
643,102,277.0,,2019.0,2020.0,8.0,7.0
880,130,364.0,Maintenance Engineer,2016.0,2017.0,,
578,90,40.0,SQL Developer,2016.0,2017.0,6.0,6.0
602,94,255.0,SQL Database Developer,2014.0,2015.0,8.0,7.0
326,51,135.0,Lean and Six Sigma Intern,2019.0,2020.0,5.0,9.0
629,98,268.0,Business Intelligence Analyst,2013.0,2014.0,,
101,16,46.0,Business Systems Consultant,2018.0,2020.0,10.0,9.0
1000,152,418.0,BUSINESS DATA ANALYST,2019.0,,10.0,
287,46,115.0,Business Intelligence Analyst,2019.0,2022.0,2.0,2.0
800,116,242.0,IT Vendor Management Coordinator,2021.0,2022.0,,
342,54,139.0,Operations - Executive Facility Management& Marketing,2011.0,2019.0,3.0,2.0
738,113,312.0,Post-Doctoral Researcher,2017.0,2018.0,,
667,103,282.0,Associate-Projects,2011.0,2017.0,10.0,7.0
642,102,277.0,,2019.0,2020.0,8.0,7.0
902,134,125.0,SENIOR FUNDING OFFICER,2012.0,2020.0,,
57,11,25.0,Software Engineer,2006.0,2011.0,4.0,6.0
246,37,97.0,Catalog Analyst,2020.0,2021.0,11.0,7.0
361,55,145.0,Aircraft Mechanic,2017.0,2019.0,,
775,114,321.0,Sales Analyst,2021.0,2021.0,3.0,7.0
89,16,45.0,,2020.0,2021.0,9.0,8.0
635,101,272.0,SQL Developer,2018.0,2019.0,4.0,2.0
420,60,163.0,Research and Development Intern,2016.0,2017.0,12.0,5.0
442,62,170.0,Computing Support,2017.0,2019.0,12.0,6.0
344,54,141.0,Senior Administrative Officer,2007.0,2011.0,4.0,3.0
7,3,8.0,Supervisor,2021.0,2021.0,4.0,4.0
443,63,172.0,DATA ANALYST,2021.0,,1.0,
477,73,195.0,Business Analyst,2020.0,2020.0,7.0,12.0
617,96,264.0,Expert,2017.0,2017.0,9.0,12.0
767,113,315.0,Student Researcher,2011.0,2015.0,,
415,59,161.0,BlackBerry Operations Network Data Analyst,2009.0,2012.0,1.0,8.0
687,107,123.0,Jr Business Analyst,2015.0,2017.0,5.0,8.0
795,115,327.0,"Business Analyst, Fleet Services",2021.0,2022.0,9.0,4.0
958,148,82.0,Data Analyst,2021.0,,8.0,
119,23,56.0,Teaching Assistant,2014.0,2017.0,9.0,4.0
265,40,102.0,Software Engineer,2017.0,2018.0,1.0,8.0
662,102,277.0,,2019.0,2020.0,8.0,7.0
844,124,350.0,,2015.0,2016.0,9.0,6.0
1005,152,419.0,CLIENT SERVICE REPRESENTATIVE,2016.0,2017.0,12.0,11.0
25,6,,,,,,
432,61,167.0,Quality Analyst,2012.0,2016.0,7.0,7.0
476,73,196.0,Data Analyst,2019.0,2020.0,6.0,12.0
918,137,381.0,,2019.0,,11.0,
914,136,378.0,Power BI Developer,2018.0,2020.0,6.0,4.0
70,14,34.0,Business Analyst,2018.0,,1.0,
36,8,15.0,,2021.0,2021.0,2.0,6.0
170,27,69.0,Lecturer,2009.0,2010.0,9.0,9.0
612,95,260.0,Project Lead,2021.0,2021.0,,
370,55,142.0,Technician,2015.0,2016.0,,
842,124,348.0,Functional Consultant,2019.0,2021.0,9.0,8.0
883,130,364.0,Maintenance Engineer,2016.0,2017.0,,
422,60,164.0,Business Analyst,2020.0,,6.0,
190,29,76.0,Business Intelligence Analyst,2020.0,,2.0,
469,71,190.0,SQL DEVELOPER,2018.0,2020.0,1.0,5.0
605,94,254.0,IT Operations Coordinator,2018.0,2019.0,6.0,3.0
700,107,123.0,Jr Business Analyst,2015.0,2017.0,5.0,8.0
706,109,301.0,Business Analyst,2015.0,2017.0,1.0,2.0
552,86,231.0,Senior Data Analyst,2015.0,2017.0,2.0,10.0
195,29,76.0,Data Analyst,2018.0,2020.0,6.0,2.0
414,59,160.0,Analytic Consultant,2012.0,2014.0,10.0,2.0
604,94,252.0,System Analyst,2016.0,2016.0,5.0,8.0
777,114,322.0,Math Tutor,2016.0,2016.0,5.0,7.0
901,134,373.0,ASSISTANT MANAGER,1997.0,2002.0,,
100,16,46.0,Business Systems Consultant,2018.0,2020.0,10.0,9.0
614,96,262.0,Statistics specialist in Structural Business Statistics,2013.0,2019.0,5.0,2.0
779,114,316.0,Crew Member - Bartender & Promotions,2018.0,2018.0,3.0,5.0
794,115,327.0,"Business Analyst, Fleet Services",2021.0,2022.0,9.0,4.0
648,102,279.0,Business Development,2015.0,2018.0,11.0,3.0
434,61,166.0,Learning Analyst,2018.0,2021.0,2.0,1.0
790,115,324.0,Production Assistant,2016.0,2017.0,8.0,9.0
330,53,136.0,Data Scientist,2021.0,2021.0,1.0,5.0
805,117,331.0,CEO,2018.0,,,
316,50,129.0,BUSINESS ANALYST,1997.0,2004.0,6.0,8.0
388,56,150.0,Business System Analyst,2004.0,2008.0,6.0,12.0
122,23,57.0,,2020.0,2020.0,1.0,4.0
45,9,18.0,Analyst,2017.0,2018.0,5.0,10.0
463,69,184.0,BI Data Analyst,2021.0,,9.0,
451,66,178.0,Business Analyst,2021.0,,1.0,
40,8,17.0,,2019.0,2019.0,7.0,9.0
598,94,253.0,Business Intelligence Developer,2019.0,,3.0,
495,73,202.0,Senior Manager,2015.0,2016.0,11.0,12.0
407,57,153.0,Reporting/Data Analyst,2007.0,2018.0,2.0,4.0
866,129,356.0,Associate Software Engineer,2014.0,2016.0,7.0,3.0
813,119,332.0,Data Analyst,2018.0,2019.0,7.0,9.0
56,11,24.0,Software Integration Specialist,2020.0,,8.0,
613,96,261.0,"Statistic specialist in Science, Technology",2019.0,,2.0,
640,102,276.0,Investment Manager,2021.0,2021.0,2.0,8.0
81,16,41.0,Technical Assistant,2017.0,2017.0,3.0,6.0
338,53,70.0,Data Analyst,2021.0,,9.0,
1026,155,426.0,Software Developer,2015.0,2016.0,,
384,56,149.0,Business Intelligence Analyst,2017.0,2019.0,11.0,12.0
992,151,413.0,Senior Marketing Analyst,2020.0,2021.0,7.0,3.0
235,34,92.0,Data Analyst,2021.0,2021.0,8.0,11.0
185,28,72.0,Performance and Reporting Analyst,2019.0,2020.0,6.0,5.0
350,54,140.0,Environmental Services Supervisor,2020.0,,4.0,
664,103,280.0,Senior BI Developer,2013.0,2017.0,10.0,6.0
498,73,201.0,Head Privilege Banker,2005.0,2010.0,9.0,9.0
897,133,371.0,Sr. Data Analyst,2021.0,,4.0,
52,9,21.0,Analyst,2018.0,2021.0,11.0,4.0
244,37,96.0,Data Analyst,2021.0,,8.0,
531,83,222.0,IT Business Analyst,2017.0,2018.0,5.0,7.0
213,32,86.0,Marketing Specialist,2019.0,2019.0,4.0,11.0
60,12,28.0,Delivery Lead,2016.0,2019.0,8.0,12.0
559,87,235.0,Systems Engineer,2014.0,2015.0,,
633,101,270.0,SQL Server BI Developer,2019.0,2020.0,2.0,7.0
502,74,205.0,Software Engineer,2001.0,2010.0,,
280,44,112.0,Inventory Associate,2019.0,2020.0,11.0,6.0
865,129,356.0,Associate Software Engineer,2014.0,2016.0,7.0,3.0
959,148,244.0,Data Analyst,2017.0,2020.0,12.0,1.0
258,38,100.0,Business Intelligence Solution Associate,2022.0,2024.0,6.0,3.0
689,107,122.0,Power Bi Developer,2018.0,,6.0,
743,113,315.0,Student Researcher,2011.0,2015.0,,
753,113,312.0,Post-Doctoral Researcher,2017.0,2018.0,,
935,142,393.0,Research Assistant,2019.0,2020.0,10.0,2.0
372,56,32.0,Senior Data Analyst,2020.0,2020.0,1.0,11.0
286,46,115.0,Business Intelligence Analyst,2019.0,2022.0,2.0,2.0
984,150,408.0,Business Analyst,2010.0,2011.0,6.0,2.0
856,126,353.0,SQL BI/DB Analyst,2019.0,2021.0,9.0,1.0
305,49,122.0,Power Bi Developer,2018.0,,6.0,
30,7,13.0,Lead Associate - Business Operations,2015.0,2018.0,3.0,3.0
1019,153,421.0,SQL Developer/DBA,2017.0,2019.0,11.0,4.0
3,2,4.0,,2019.0,2019.0,1.0,3.0
823,121,340.0,Credit Specialist,2017.0,2018.0,7.0,12.0
203,30,81.0,Lead Business Intelligence Consultant,2021.0,2021.0,7.0,9.0
456,67,180.0,"Analyst, QA Information",2017.0,2019.0,,
835,122,342.0,Student Researcher,2021.0,2022.0,10.0,4.0
186,28,73.0,,2018.0,2018.0,2.0,12.0
568,88,240.0,Data Analyst,2016.0,2018.0,6.0,12.0
732,113,312.0,Teaching Assistant,2011.0,2015.0,,
50,9,19.0,Business Consultant,2021.0,,4.0,
858,128,,,,,,
268,40,101.0,,2021.0,,5.0,
564,87,237.0,Supply Chain Data Analyst,2019.0,2020.0,3.0,2.0
571,89,241.0,Trainee,2018.0,2019.0,12.0,5.0
229,34,91.0,Pricing Analyst,2021.0,,11.0,
839,122,346.0,Mentor,2021.0,2022.0,9.0,4.0
824,121,341.0,Sales Representative,2014.0,2015.0,5.0,5.0
631,99,,,,,,
16,3,8.0,Supervisor,2021.0,2021.0,4.0,4.0
301,48,119.0,Business Intelligence Analyst,2015.0,2020.0,,
834,121,339.0,,2014.0,2014.0,2.0,3.0
504,74,206.0,Systems Analyst,2012.0,2016.0,,
336,53,138.0,Data Scientist,2019.0,2020.0,,
505,74,205.0,Software Engineer,2001.0,2010.0,,
313,50,126.0,DATA ANALYST,2022.0,,1.0,
672,104,285.0,Sr.BI& Reporting Analyst,2019.0,,6.0,
590,93,248.0,,2001.0,,,
679,105,291.0,BI Developer,2021.0,,9.0,
761,113,314.0,Teaching Assistant,2002.0,2003.0,,
329,52,,,,,,
801,116,328.0,Call Center Representative,2018.0,2019.0,,
462,69,183.0,Reporting Analyst,2016.0,2019.0,,
816,119,333.0,Data Analyst,2019.0,2022.0,10.0,3.0
216,32,86.0,Marketing Specialist,2019.0,2019.0,4.0,11.0
105,18,50.0,Business Analyst,2020.0,2022.0,5.0,4.0
506,74,206.0,Systems Analyst,2012.0,2016.0,,
630,98,269.0,Business Intelligence Analyst,2015.0,2018.0,,
963,149,405.0,Power BI Developer,2021.0,,8.0,
510,76,38.0,Sr. Business Analyst,2020.0,,2.0,
606,94,253.0,Business Intelligence Developer,2019.0,,3.0,
933,141,392.0,Techno Functional Consultant,2011.0,2014.0,3.0,10.0
988,150,411.0,Industrial Engineer,2011.0,2014.0,2.0,3.0
270,41,104.0,Data Analyst,2018.0,2021.0,8.0,4.0
389,56,148.0,Accounting office Associate,2011.0,2013.0,11.0,4.0
608,94,256.0,IT Technician,2017.0,2018.0,10.0,4.0
360,55,147.0,Technician,2016.0,2016.0,,
351,55,142.0,Technician,2015.0,2016.0,,
404,56,151.0,Business Analyst,2009.0,2010.0,1.0,12.0
204,31,82.0,TECHNICAL DATA ANALYST,2021.0,,7.0,
803,117,329.0,Classroom Teacher,2001.0,2002.0,,
822,121,339.0,,2014.0,2014.0,2.0,3.0
778,114,319.0,Intern,2017.0,2017.0,5.0,6.0
833,121,339.0,,2014.0,2014.0,2.0,3.0
931,141,392.0,Senior BI Consultant,2016.0,2018.0,1.0,10.0
1008,152,418.0,BUSINESS DATA ANALYST,2019.0,,10.0,
674,104,287.0,Software Engineer,2013.0,2016.0,7.0,10.0
154,27,67.0,Software Engineer,2008.0,2009.0,1.0,6.0
308,49,122.0,Power Bi Developer,2018.0,,6.0,
143,24,,,,,,
680,105,292.0,Database Analyst,2017.0,2018.0,1.0,6.0
250,37,96.0,Data Analyst,2021.0,,8.0,
694,107,121.0,Business Intelligence Analyst,2017.0,2018.0,10.0,5.0
68,13,32.0,Sales Analyst,2018.0,,11.0,
88,16,41.0,Technical Assistant,2017.0,2017.0,3.0,6.0
222,33,89.0,Lecturer - Computer Engineering,2019.0,2021.0,7.0,3.0
335,53,70.0,Data Analyst,2021.0,,9.0,
304,49,121.0,Business Intelligence Analyst,2017.0,2018.0,10.0,5.0
179,28,73.0,,2018.0,2018.0,2.0,12.0
496,73,198.0,Senior Manager,2017.0,2018.0,1.0,12.0
99,16,43.0,Specialist,2016.0,2017.0,4.0,3.0
452,66,178.0,Business Analyst,2021.0,,1.0,
20,4,10.0,Programmer Analyst,2016.0,2018.0,2.0,4.0
200,30,43.0,Senior Software Engineer,2012.0,2017.0,6.0,10.0
748,113,313.0,Post-Doctoral Researcher,2015.0,2016.0,,
764,113,312.0,Post-Doctoral Researcher,2017.0,2018.0,,
636,102,273.0,Senior Management Consultant,2004.0,2015.0,5.0,10.0
14,3,5.0,Solution Architect,2020.0,2020.0,9.0,9.0
1007,152,419.0,CLIENT SERVICE REPRESENTATIVE,2016.0,2017.0,12.0,11.0
1016,153,423.0,POWER BI DEVELOPER,2019.0,2020.0,4.0,8.0
271,41,105.0,Analyst,2014.0,2015.0,9.0,9.0
595,94,253.0,Business Intelligence Developer,2019.0,,3.0,
1023,154,425.0,Business Intelligence Analyst,2021.0,,3.0,
656,102,277.0,,2019.0,2020.0,8.0,7.0
838,122,345.0,Data Research Analyst,2022.0,2022.0,5.0,10.0
253,38,99.0,Software Engineer,2018.0,2021.0,7.0,8.0
468,70,189.0,BI Engineer,2016.0,2019.0,9.0,12.0
53,10,22.0,Senior Software Engineer/Analyst,2018.0,2020.0,8.0,9.0
470,71,191.0,,2005.0,2008.0,,
974,150,408.0,Business Analyst,2010.0,2011.0,6.0,2.0
400,56,150.0,Business System Analyst,2004.0,2008.0,6.0,12.0
530,83,221.0,Associate Software Engineer,2018.0,2020.0,8.0,1.0
391,56,32.0,Business System Analyst,2013.0,2017.0,4.0,11.0
430,61,167.0,Quality Analyst,2012.0,2016.0,7.0,7.0
493,73,202.0,Senior Manager,2015.0,2016.0,11.0,12.0
151,27,64.0,Software Developer,2007.0,2008.0,1.0,1.0
921,138,383.0,Power BI Developer,2021.0,,12.0,
601,94,256.0,IT Technician,2017.0,2018.0,10.0,4.0
639,102,274.0,Business & Organizational Development Manager,2018.0,2019.0,11.0,7.0
683,105,292.0,Database Analyst,2017.0,2018.0,1.0,6.0
192,29,76.0,Data Analyst,2018.0,2020.0,6.0,2.0
577,90,242.0,SQL Developer/ Power BI,2020.0,2020.0,4.0,4.0
198,30,78.0,Senior Business Intelligence Consultant,2021.0,2022.0,7.0,3.0
174,27,71.0,,2012.0,2016.0,9.0,5.0
272,41,105.0,Analyst,2014.0,2015.0,9.0,9.0
121,23,55.0,Data Analyst,2016.0,2018.0,9.0,8.0
103,18,49.0,Business Development Executive,2020.0,2020.0,1.0,4.0
125,23,55.0,Desktop Support,2016.0,2016.0,4.0,8.0
257,38,100.0,Business Intelligence Solution Associate,2022.0,2024.0,6.0,3.0
483,73,200.0,,2010.0,2013.0,9.0,11.0
345,54,139.0,Operations - Executive Facility Management& Marketing,2011.0,2019.0,3.0,2.0
658,102,279.0,Business Development,2015.0,2018.0,11.0,3.0
31,7,13.0,Consultant - Business Analysis & Insights,2018.0,2021.0,3.0,6.0
169,27,67.0,Software Engineer,2008.0,2009.0,1.0,6.0
129,23,59.0,Graduate Research Assistant,2018.0,2022.0,9.0,1.0
724,112,308.0,Analyst,2017.0,2017.0,1.0,11.0
1024,155,426.0,Software Developer,2015.0,2016.0,,
215,32,87.0,Business Intelligence Intern,2017.0,2017.0,1.0,7.0
947,145,398.0,Product Consultant,2019.0,2020.0,6.0,3.0
519,80,214.0,,2019.0,2019.0,,
736,113,312.0,Teaching Assistant,2011.0,2015.0,,
489,73,196.0,Data Analyst,2019.0,2020.0,6.0,12.0
561,87,238.0,,2020.0,2021.0,2.0,12.0
266,40,103.0,Associate Software Engineer,2015.0,2017.0,4.0,1.0
206,31,84.0,DATA ANALYST,2018.0,2019.0,4.0,8.0
544,85,228.0,MANAGER,2012.0,2013.0,8.0,7.0
394,56,152.0,Senior Data Analyst,2020.0,2022.0,11.0,6.0
165,27,68.0,,2017.0,2018.0,11.0,9.0
331,53,137.0,Business Analyst,2013.0,2018.0,,
539,84,226.0,DATA REPORTING ANALYST,2019.0,2020.0,6.0,1.0
943,145,398.0,Product Consultant,2019.0,2020.0,6.0,3.0
581,91,,,,,,
919,137,381.0,,2019.0,,11.0,
549,86,232.0,Investment Analyst,2017.0,2020.0,12.0,5.0
543,84,226.0,DATA REPORTING ANALYST,2019.0,2020.0,6.0,1.0
721,112,310.0,Transportation Analyst,2019.0,,11.0,
517,78,213.0,Senior Support Officer,2003.0,2005.0,5.0,6.0
161,27,68.0,,2017.0,2018.0,11.0,9.0
411,57,157.0,Customer Support Specialist,2018.0,2018.0,6.0,9.0
318,50,130.0,,2009.0,2013.0,6.0,5.0
934,141,70.0,Senior Reporting Analyst,2019.0,,1.0,
869,129,357.0,Data Science Researcher,2018.0,2021.0,9.0,12.0
292,47,117.0,DATA ANALYST,2010.0,2014.0,2.0,4.0
15,3,6.0,Supervisor,2021.0,2021.0,10.0,10.0
752,113,312.0,Post-Doctoral Researcher,2020.0,2021.0,,
853,126,216.0,Data Analyst,2021.0,,3.0,
575,89,60.0,Graduate Teaching Assistant,2021.0,2022.0,9.0,4.0
139,23,59.0,Graduate Research Assistant,2018.0,2022.0,9.0,1.0
704,109,299.0,Operations Analyst,2021.0,,4.0,
118,23,55.0,Data Analyst,2016.0,2018.0,9.0,8.0
311,50,125.0,ANALYST,2014.0,2014.0,9.0,12.0
366,55,145.0,Aircraft Mechanic,2017.0,2019.0,,
717,111,307.0,Business Intelligence Consultant,2021.0,,2.0,
693,107,121.0,Business Intelligence Analyst,2017.0,2018.0,10.0,5.0
484,73,201.0,Head Privilege Banker,2005.0,2010.0,9.0,9.0
536,84,224.0,ASSOCIATE BI ANALYST,2018.0,2019.0,1.0,3.0
212,32,85.0,Marketing Officer,2017.0,2019.0,9.0,4.0
556,87,234.0,Project Management Analyst,2021.0,,12.0,
956,147,402.0,Sales Associate,2018.0,2018.0,1.0,4.0
402,56,151.0,Business Analyst,2009.0,2010.0,1.0,12.0
611,95,259.0,,2016.0,2022.0,6.0,3.0
1003,152,419.0,RESOURCE OPTIMIZATION SPECIALIST,2017.0,2019.0,11.0,9.0
768,113,312.0,Post-Doctoral Researcher,2020.0,2021.0,,
582,92,244.0,SQL DBA,2018.0,2019.0,11.0,4.0
95,16,47.0,Statistician III,2011.0,2014.0,5.0,2.0
377,56,148.0,Accounting office Associate,2011.0,2013.0,11.0,4.0
860,129,356.0,Associate Software Engineer,2014.0,2016.0,7.0,3.0
61,12,29.0,,2014.0,2016.0,7.0,7.0
285,46,114.0,"Software Engineer, Business Intelligence",2014.0,2015.0,9.0,12.0
952,146,401.0,Process Engineer,2016.0,2018.0,7.0,11.0
594,94,252.0,System Analyst,2016.0,2016.0,5.0,8.0
441,62,171.0,Administrative Assistant,2019.0,2020.0,11.0,11.0
877,130,362.0,Retail Marketing Associate,2020.0,2020.0,,
63,12,31.0,Business Intelligence Analyst,2020.0,2021.0,6.0,12.0
458,67,179.0,,2020.0,2021.0,,
592,93,250.0,Process Engineer,2016.0,2018.0,3.0,10.0
618,96,264.0,Expert,2017.0,2017.0,9.0,12.0
419,59,161.0,BlackBerry Operations Network Data Analyst,2009.0,2012.0,1.0,8.0
619,96,263.0,Specialist,2012.0,2013.0,7.0,5.0
873,129,358.0,Data & Reporting Analyst,2018.0,2018.0,3.0,8.0
987,150,410.0,Business Analyst,2014.0,2018.0,3.0,9.0
102,17,48.0,Data Analyst,2021.0,2021.0,8.0,10.0
574,89,241.0,Systems Engineer,2019.0,2020.0,9.0,11.0
279,43,111.0,SERVICE DESK ANALYST,2019.0,2019.0,3.0,6.0
659,102,279.0,Business Development,2015.0,2018.0,11.0,3.0
181,28,72.0,Performance and Reporting Analyst,2019.0,2020.0,6.0,5.0
474,72,194.0,Post-doctoral Fellow,2018.0,2020.0,1.0,11.0
485,73,200.0,,2010.0,2013.0,9.0,11.0
515,78,213.0,Senior Support Officer,2003.0,2005.0,5.0,6.0
584,92,216.0,Data Engineer,2021.0,,1.0,
847,124,350.0,,2015.0,2016.0,9.0,6.0
390,56,32.0,Senior Data Analyst,2020.0,2020.0,1.0,11.0
910,135,376.0,Cashier,2021.0,,9.0,
134,23,56.0,Teaching Assistant,2014.0,2017.0,9.0,4.0
375,56,149.0,Business Intelligence Analyst,2017.0,2019.0,11.0,12.0
917,137,380.0,Administrator,2019.0,2019.0,6.0,10.0
417,59,162.0,Sr. Systems Analyst,2014.0,2020.0,3.0,6.0
819,120,336.0,Operation Officer,2021.0,,10.0,
881,130,361.0,Data Reporting Analyst,2017.0,2017.0,,
773,114,317.0,Childcare Supervisor,2011.0,2013.0,12.0,12.0
830,121,340.0,Credit Specialist,2017.0,2018.0,7.0,12.0
911,135,377.0,Computer Teacher,2016.0,2019.0,9.0,2.0
895,133,370.0,SQL Data/BI Analyst,2017.0,2019.0,6.0,5.0
723,112,311.0,Practitioner,2014.0,,3.0,
354,55,145.0,Technician,2016.0,2017.0,,
995,151,416.0,Financial Analyst,2016.0,2016.0,1.0,4.0
1025,155,427.0,Business Risk Analyst,2019.0,,,
840,123,,,,,,
72,14,35.0,Marketing Coordinator,2016.0,2017.0,6.0,7.0
837,122,344.0,Data Analytics Consultant,2022.0,2023.0,11.0,10.0
396,56,151.0,Business Analyst,2009.0,2010.0,1.0,12.0
492,73,199.0,Wealth Manager,2014.0,2015.0,2.0,10.0
900,133,371.0,Sr. Data Analyst,2021.0,,4.0,
11,3,9.0,Supply Chain Management Intern,2018.0,2019.0,9.0,4.0
293,47,118.0,PL/SQL DEVELOPER,2004.0,2010.0,5.0,1.0
450,66,177.0,Business Analyst,2018.0,2020.0,9.0,12.0
357,55,147.0,Technician,2016.0,2016.0,,
589,93,247.0,Process Improvement Engineer,2003.0,2011.0,10.0,2.0
843,124,349.0,Teacher of Economics and Social Sciences,2017.0,2018.0,11.0,3.0
609,95,257.0,Project Lead,2020.0,2021.0,,
184,28,72.0,,2020.0,,6.0,
686,107,122.0,Power Bi Developer,2018.0,,6.0,
126,23,59.0,Graduate Research Assistant,2018.0,2022.0,9.0,1.0
647,102,278.0,Area Manager,2001.0,2004.0,6.0,4.0
241,37,96.0,Data Analyst,2021.0,,8.0,
690,107,121.0,Business Intelligence Analyst,2017.0,2018.0,10.0,5.0
299,47,118.0,PL/SQL DEVELOPER,2004.0,2010.0,5.0,1.0
147,26,62.0,Business Intelligence Analyst,2020.0,,3.0,
861,129,357.0,Data Science Researcher,2018.0,2021.0,9.0,12.0
19,4,10.0,Programmer Analyst,2016.0,2018.0,2.0,4.0
309,49,123.0,Jr Business Analyst,2015.0,2017.0,5.0,8.0
896,133,370.0,SQL Data/BI Analyst,2017.0,2019.0,6.0,5.0
168,27,65.0,Analyst,2018.0,2021.0,10.0,7.0
465,69,186.0,team member,2020.0,2021.0,10.0,8.0
593,93,251.0,Telecommunication R&D Engineer,2001.0,2003.0,9.0,9.0
1010,152,420.0,GRADUATE TEACHING ASSISTANT,2015.0,2016.0,9.0,8.0
191,29,76.0,Data Analyst,2018.0,2020.0,6.0,2.0
886,131,366.0,Software Developer,2018.0,2019.0,7.0,4.0
155,27,68.0,Data Analyst,2016.0,2017.0,5.0,10.0
740,113,312.0,Teaching Assistant,2011.0,2015.0,,
22,5,11.0,Manufacturing Quality Engineer,2017.0,2018.0,8.0,8.0
218,32,86.0,Marketing Specialist,2019.0,2019.0,4.0,11.0
903,134,125.0,SENIOR FUNDING OFFICER,2012.0,2020.0,,
444,63,173.0,DATA ANALYST,2017.0,2020.0,5.0,6.0
219,33,88.0,Lecturer,2013.0,2017.0,8.0,7.0
708,109,303.0,Data Analyst,2017.0,2019.0,3.0,3.0
33,7,13.0,Business Analyst - Projects Division,2013.0,2015.0,3.0,3.0
475,73,195.0,Business Analyst,2020.0,2020.0,7.0,12.0
573,89,241.0,Systems Engineer,2019.0,2020.0,9.0,11.0
6,3,7.0,,2019.0,2020.0,9.0,4.0
93,16,45.0,,2020.0,2021.0,9.0,8.0
12,3,7.0,,2019.0,2020.0,9.0,4.0
110,21,51.0,Business Analyst/IT Support,2017.0,2019.0,,
741,113,313.0,Post-Doctoral Researcher,2015.0,2016.0,,
5,3,6.0,Supervisor,2021.0,2021.0,10.0,10.0
337,53,136.0,Data Scientist,2021.0,2021.0,1.0,5.0
511,76,210.0,Business Analyst,2018.0,2020.0,3.0,1.0
281,45,,,,,,
990,150,409.0,Business Process Analyst,2008.0,2008.0,9.0,12.0
440,62,169.0,Data Analyst,2020.0,2022.0,12.0,2.0
551,86,232.0,Investment Analyst,2017.0,2020.0,12.0,5.0
645,102,275.0,Regional Sales Manager,1998.0,2001.0,11.0,5.0
439,62,171.0,Administrative Assistant,2019.0,2020.0,11.0,11.0
75,14,37.0,BUSINESS ADMINISTRATOR,2013.0,2013.0,6.0,12.0
386,56,32.0,Senior Data Analyst,2020.0,2020.0,1.0,11.0
562,87,236.0,Student Intern,2017.0,2017.0,9.0,12.0
532,83,221.0,Associate Software Engineer,2018.0,2020.0,8.0,1.0
872,129,357.0,Data Science Researcher,2018.0,2021.0,9.0,12.0
264,40,103.0,Associate Software Engineer,2015.0,2017.0,4.0,1.0
80,15,40.0,,2019.0,2020.0,8.0,12.0
994,151,415.0,Business Intelligence Analyst,2016.0,2017.0,8.0,5.0
343,54,140.0,Environmental Services Supervisor,2020.0,,4.0,
789,115,324.0,Logistics Analyst,2019.0,2019.0,8.0,12.0
77,14,36.0,BUSINESS MARKETING COORDINATOR,2014.0,2015.0,4.0,8.0
69,13,33.0,Junior Business Analyst,2016.0,2018.0,11.0,5.0
942,145,398.0,Product Consultant,2019.0,2020.0,6.0,3.0
482,73,199.0,Wealth Manager,2014.0,2015.0,2.0,10.0
555,87,235.0,Systems Engineer,2014.0,2015.0,,
255,38,99.0,Software Engineer,2018.0,2021.0,7.0,8.0
829,121,337.0,Data Analyst,2022.0,2022.0,1.0,5.0
9,3,8.0,Supervisor,2021.0,2021.0,4.0,4.0
884,130,363.0,Customer Service Representative,2018.0,2019.0,,
107,20,,,,,,
784,114,321.0,Sales Analyst,2021.0,2021.0,3.0,7.0
713,111,307.0,Business Intelligence Consultant,2021.0,,2.0,
811,118,,,,,,
87,16,46.0,Business Systems Consultant,2018.0,2020.0,10.0,9.0
162,27,71.0,,2012.0,2016.0,9.0,5.0
393,56,152.0,Senior Data Analyst,2020.0,2022.0,11.0,6.0
508,75,208.0,Power BI Developer,2021.0,,5.0,
928,140,389.0,Data Analyst,2016.0,2017.0,11.0,5.0
960,148,82.0,Data Analyst,2021.0,,8.0,
999,152,419.0,CLIENT SERVICE REPRESENTATIVE,2016.0,2017.0,12.0,11.0
518,79,,,,,,
949,145,398.0,Product Analyst,2020.0,2021.0,3.0,4.0
620,96,261.0,"Statistic specialist in Science, Technology",2019.0,,2.0,
54,10,22.0,Senior Software Engineer/Analyst,2018.0,2020.0,8.0,9.0
368,55,144.0,Aircraft Engineer,2019.0,2020.0,,
327,51,134.0,Technical Assistant - Energy and Sustainability Team,2018.0,2018.0,7.0,8.0
128,23,60.0,Graduate Teaching Assistant,2020.0,2020.0,1.0,4.0
399,56,152.0,Senior Data Analyst,2020.0,2022.0,11.0,6.0
570,88,239.0,Database Administrator,2021.0,2021.0,4.0,10.0
797,115,325.0,Business Analyst,2020.0,2021.0,11.0,4.0
123,23,57.0,,2020.0,2020.0,1.0,4.0
548,86,231.0,Senior Data Analyst,2015.0,2017.0,2.0,10.0
307,49,123.0,Jr Business Analyst,2015.0,2017.0,5.0,8.0
397,56,32.0,Business System Analyst,2013.0,2017.0,4.0,11.0
739,113,314.0,Teaching Assistant,2002.0,2003.0,,
538,84,225.0,E-COMMERCE ASSOCIATE EXECUTIVE,2014.0,2015.0,2.0,1.0
754,113,314.0,Teaching Assistant,2002.0,2003.0,,
586,92,244.0,SQL DBA,2018.0,2019.0,11.0,4.0
363,55,145.0,Technician,2016.0,2017.0,,
263,40,102.0,Software Engineer,2017.0,2018.0,1.0,8.0
21,4,10.0,Programmer Analyst,2016.0,2018.0,2.0,4.0
334,53,137.0,Business Analyst,2013.0,2018.0,,
325,51,135.0,Lean and Six Sigma Intern,2019.0,2020.0,5.0,9.0
529,82,220.0,Payment and Settlement Assistant,2019.0,2019.0,6.0,8.0
912,136,378.0,Power BI Developer,2018.0,2020.0,6.0,4.0
969,150,409.0,Business Process Analyst,2008.0,2008.0,9.0,12.0
117,23,57.0,,2020.0,2020.0,1.0,4.0
626,98,265.0,Digital Marketing Strategist,2019.0,2021.0,,
150,26,63.0,Tableau Developer,2016.0,2020.0,10.0,2.0
514,78,212.0,Database Administrator,2009.0,2011.0,4.0,3.0
749,113,312.0,Post-Doctoral Researcher,2020.0,2021.0,,
220,33,89.0,Lecturer - Computer Engineering,2019.0,2021.0,7.0,3.0
627,98,266.0,Analyst,2011.0,2012.0,,
113,22,54.0,Data Analyst,2021.0,2021.0,5.0,9.0
772,114,319.0,Intern,2017.0,2017.0,5.0,6.0
718,111,306.0,Analyst,2017.0,2019.0,10.0,6.0
221,33,88.0,Lecturer,2013.0,2017.0,8.0,7.0
867,129,358.0,Data & Reporting Analyst,2018.0,2018.0,3.0,8.0
291,47,117.0,DATA ANALYST,2010.0,2014.0,2.0,4.0
424,60,164.0,Business Analyst,2020.0,,6.0,
1002,152,419.0,RESOURCE OPTIMIZATION SPECIALIST,2017.0,2019.0,11.0,9.0
111,22,52.0,Personal Banking Data Analyst,2022.0,,1.0,
737,113,315.0,Student Researcher,2011.0,2015.0,,
920,138,382.0,Consultant (Analytics),2020.0,2021.0,3.0,11.0
223,33,89.0,Lecturer - Computer Engineering,2019.0,2021.0,7.0,3.0
698,107,122.0,Power Bi Developer,2018.0,,6.0,
23,5,12.0,Data Analyst,2021.0,2021.0,4.0,6.0
733,113,314.0,Teaching Assistant,2002.0,2003.0,,
322,50,132.0,DATA ANALYST,2013.0,2014.0,9.0,1.0
256,38,100.0,Business Intelligence Solution Associate,2022.0,2024.0,6.0,3.0
421,60,163.0,Research and Development Intern,2016.0,2017.0,12.0,5.0
509,76,209.0,Jr. Business Analyst,2016.0,2018.0,9.0,2.0
238,36,93.0,Power BI developer,2018.0,,9.0,
624,96,262.0,Statistics specialist in Structural Business Statistics,2013.0,2019.0,5.0,2.0
283,46,113.0,Data Analyst Intern/Co-op,2018.0,2018.0,1.0,6.0
382,56,32.0,Business System Analyst,2013.0,2017.0,4.0,11.0
744,113,315.0,Student Researcher,2011.0,2015.0,,
588,93,246.0,Data Analyst,2021.0,,6.0,
641,102,275.0,Regional Sales Manager,1998.0,2001.0,11.0,5.0
208,31,84.0,DATA ANALYST,2018.0,2019.0,4.0,8.0
702,108,297.0,Business Intelligence Analyst,2018.0,2020.0,7.0,9.0
1018,153,423.0,POWER BI DEVELOPER,2019.0,2020.0,4.0,8.0
405,56,32.0,Senior Data Analyst,2020.0,2020.0,1.0,11.0
428,60,165.0,Customer Service Agent/ Portal Data Analysis,2018.0,2018.0,5.0,10.0
1001,152,418.0,BUSINESS DATA ANALYST,2019.0,,10.0,
554,87,234.0,Project Management Analyst,2021.0,,12.0,
490,73,195.0,Business Analyst,2020.0,2020.0,7.0,12.0
916,137,380.0,Administrator,2019.0,2019.0,6.0,10.0
954,146,399.0,Research Analyst,2019.0,2021.0,6.0,8.0
684,106,294.0,Project Team Leader,2018.0,2018.0,1.0,4.0
788,115,326.0,Customer Service Representative,2020.0,2021.0,4.0,4.0
1028,156,,,,,,
448,64,176.0,,2017.0,2017.0,6.0,7.0
242,37,97.0,Catalog Analyst,2020.0,2021.0,11.0,7.0
403,56,150.0,Business System Analyst,2004.0,2008.0,6.0,12.0
807,117,329.0,Classroom Teacher,2001.0,2002.0,,
1017,153,422.0,POWER BI DEVELOPER,2020.0,,8.0,
18,3,6.0,Supervisor,2021.0,2021.0,10.0,10.0
1,1,2.0,SQL & SSRS Developer,2015.0,2018.0,9.0,10.0
665,103,281.0,Technical Lead-BI,2021.0,,1.0,
133,23,55.0,Data Analyst,2016.0,2018.0,9.0,8.0
177,27,65.0,Analyst,2018.0,2021.0,10.0,7.0
894,132,369.0,SQL BI Developer,2020.0,2021.0,2.0,11.0
669,103,280.0,BI ETL Developer,2011.0,2013.0,10.0,9.0
980,150,410.0,Business Data Analyst,2018.0,2020.0,9.0,1.0
312,50,39.0,MICROSOFT POWER BI DEVELOPER,2018.0,2020.0,4.0,2.0
868,129,358.0,Data & Reporting Analyst,2018.0,2018.0,3.0,8.0
808,117,331.0,CEO,2018.0,,,
769,114,316.0,Crew Member - Bartender & Promotions,2018.0,2018.0,3.0,5.0
92,16,47.0,Statistician III,2011.0,2014.0,5.0,2.0
757,113,312.0,Post-Doctoral Researcher,2020.0,2021.0,,
576,89,241.0,Trainee,2018.0,2019.0,12.0,5.0
494,73,201.0,Head Privilege Banker,2005.0,2010.0,9.0,9.0
699,107,123.0,Jr Business Analyst,2015.0,2017.0,5.0,8.0
97,16,44.0,Market Research Assistant,2009.0,2010.0,6.0,1.0
282,46,113.0,Data Analyst Intern/Co-op,2018.0,2018.0,1.0,6.0
39,8,17.0,,2019.0,2019.0,7.0,9.0
524,81,215.0,BI Developer,2018.0,2019.0,5.0,8.0
979,150,411.0,Industrial Engineer,2011.0,2014.0,2.0,3.0
831,121,338.0,,2019.0,2021.0,1.0,4.0
923,138,385.0,Supervisor,2016.0,2017.0,11.0,5.0
802,117,329.0,Classroom Teacher,2001.0,2002.0,,
317,50,129.0,CLAIMS ANALYST,1996.0,1997.0,10.0,6.0
262,40,101.0,,2021.0,,5.0,
871,129,359.0,Software Engineer,2016.0,2018.0,4.0,2.0
239,36,94.0,SSRS & SSIS Developer,2015.0,2018.0,11.0,7.0
319,50,129.0,,1996.0,2009.0,10.0,6.0
453,66,177.0,Business Analyst,2018.0,2020.0,9.0,12.0
975,150,410.0,Business Analyst,2014.0,2018.0,3.0,9.0
993,151,414.0,Business Development,2018.0,2018.0,1.0,12.0
358,55,142.0,Technician,2015.0,2016.0,,
579,90,243.0,SQL BI Developer,2017.0,2018.0,6.0,7.0
691,107,122.0,Power Bi Developer,2018.0,,6.0,
429,61,166.0,Learning Analyst,2018.0,2021.0,2.0,1.0
655,102,276.0,Investment Manager,2021.0,2021.0,2.0,8.0
1022,154,425.0,Business Intelligence Analyst,2021.0,,3.0,
673,104,286.0,Senior Software Engineer,2016.0,2017.0,10.0,12.0
967,150,409.0,Business Process Analyst,2008.0,2008.0,9.0,12.0
410,57,156.0,Account Specialist,2019.0,2020.0,10.0,9.0
225,33,88.0,Lecturer,2013.0,2017.0,8.0,7.0
276,43,108.0,IT SUPPORT ANALYST,2019.0,2020.0,8.0,1.0
247,37,98.0,Data Analyst,2018.0,2019.0,5.0,6.0
381,56,151.0,Business Analyst,2009.0,2010.0,1.0,12.0
787,115,325.0,Business Analyst,2020.0,2021.0,11.0,4.0
478,73,197.0,Data Business Analyst,2021.0,2021.0,5.0,8.0
542,84,227.0,BI ANALYST,2021.0,,2.0,
970,150,410.0,Business Analyst,2014.0,2018.0,3.0,9.0
862,129,358.0,Data & Reporting Analyst,2018.0,2018.0,3.0,8.0
171,27,64.0,Software Developer,2007.0,2008.0,1.0,1.0
996,151,415.0,Financial Analyst,2014.0,2015.0,8.0,5.0
158,27,70.0,Data Analyst,2021.0,,8.0,
398,56,32.0,Business System Analyst,2013.0,2017.0,4.0,11.0
756,113,314.0,Teaching Assistant,2002.0,2003.0,,
249,37,95.0,Data Analyst,2016.0,2018.0,10.0,2.0
832,121,341.0,Sales Representative,2014.0,2015.0,5.0,5.0
747,113,312.0,Teaching Assistant,2011.0,2015.0,,
812,118,,,,,,
46,9,19.0,Business Consultant,2021.0,,4.0,
48,9,20.0,,2016.0,2016.0,10.0,12.0
355,55,146.0,Aircraft Engineer,2020.0,,,
211,32,85.0,Marketing Officer,2017.0,2019.0,9.0,4.0
348,54,140.0,Environmental Services Supervisor,2020.0,,4.0,
825,121,341.0,Sales Representative,2014.0,2015.0,5.0,5.0
28,7,13.0,Consultant - Business Analysis & Insights,2018.0,2021.0,3.0,6.0
278,43,110.0,Scheduler,2021.0,,4.0,
845,124,349.0,Teacher of Economics and Social Sciences,2017.0,2018.0,11.0,3.0
231,34,92.0,Data Analyst,2021.0,2021.0,8.0,11.0
367,55,147.0,Technician,2016.0,2016.0,,
874,129,359.0,Software Engineer,2016.0,2018.0,4.0,2.0
623,96,262.0,Statistics specialist in Structural Business Statistics,2013.0,2019.0,5.0,2.0
64,12,29.0,,2014.0,2016.0,7.0,7.0
233,34,92.0,Data Analyst,2021.0,2021.0,8.0,11.0
759,113,313.0,Post-Doctoral Researcher,2015.0,2016.0,,
1012,152,419.0,CLIENT SERVICE REPRESENTATIVE,2016.0,2017.0,12.0,11.0
17,3,9.0,Supply Chain Management Intern,2018.0,2019.0,9.0,4.0
750,113,314.0,Teaching Assistant,2002.0,2003.0,,
804,117,330.0,Engineer,2004.0,2005.0,,
924,138,386.0,Manager,2017.0,2020.0,7.0,2.0
387,56,150.0,Business System Analyst,2004.0,2008.0,6.0,12.0
907,134,374.0,CREDIT INVESTIGATOR,2002.0,2006.0,,
320,50,131.0,APPLICATION SUPPORT SPECIALIST,2014.0,2014.0,2.0,9.0
487,73,197.0,Data Business Analyst,2021.0,2021.0,5.0,8.0
472,71,193.0,BI DEVELOPER,2020.0,,6.0,
85,16,44.0,Market Research Assistant,2009.0,2010.0,6.0,1.0
927,140,388.0,Senior Data Analyst,2017.0,,6.0,
722,112,310.0,Transportation Analyst,2019.0,,11.0,
621,96,261.0,"Statistic specialist in Science, Technology",2019.0,,2.0,
972,150,411.0,Industrial Engineer,2011.0,2014.0,2.0,3.0
438,62,170.0,Computing Support,2017.0,2019.0,12.0,6.0
385,56,152.0,Senior Data Analyst,2020.0,2022.0,11.0,6.0
486,73,197.0,Data Business Analyst,2021.0,2021.0,5.0,8.0
553,87,233.0,Graduate Research Assistant,2018.0,2018.0,2.0,8.0
488,73,198.0,Senior Manager,2017.0,2018.0,1.0,12.0
500,74,203.0,IT Consultant,2010.0,2012.0,,
379,56,149.0,Business Intelligence Analyst,2017.0,2019.0,11.0,12.0
248,37,95.0,Data Analyst,2016.0,2018.0,10.0,2.0
38,8,16.0,,2017.0,2018.0,11.0,5.0
792,115,324.0,Production Assistant,2016.0,2017.0,8.0,9.0
986,150,410.0,Business Data Analyst,2018.0,2020.0,9.0,1.0
479,73,198.0,Senior Manager,2017.0,2018.0,1.0,12.0
260,39,,,,,,
796,115,327.0,"Business Analyst, Fleet Services",2021.0,2022.0,9.0,4.0
888,131,368.0,Database Developer,2021.0,,5.0,
961,149,403.0,Tableau Developer,2017.0,2018.0,6.0,5.0
714,111,307.0,Business Intelligence Consultant,2021.0,,2.0,
890,131,368.0,Database Developer,2021.0,,5.0,
369,55,146.0,Aircraft Engineer,2020.0,,,
537,84,225.0,E-COMMERCE ASSOCIATE EXECUTIVE,2014.0,2015.0,2.0,1.0
781,114,323.0,Community Volunteer,2018.0,2019.0,,
175,27,71.0,,2012.0,2016.0,9.0,5.0
503,74,204.0,,2016.0,,,
965,149,407.0,Power BI Developer,2016.0,2017.0,5.0,5.0
557,87,236.0,Student Intern,2017.0,2017.0,9.0,12.0
289,47,116.0,DATA ANALYST/REPORTING ANALYTICS,2014.0,2017.0,5.0,1.0
644,102,273.0,Senior Management Consultant,2004.0,2015.0,5.0,10.0
670,103,282.0,Sr. Associate-Projects,2020.0,,,
341,53,70.0,Data Analyst,2021.0,,9.0,
234,34,91.0,Pricing Analyst,2021.0,,11.0,
774,114,320.0,Product Operations and Project Engineering Intern,2018.0,2019.0,6.0,8.0
793,115,324.0,Logistics Analyst,2019.0,2019.0,8.0,12.0
889,131,367.0,,2020.0,2020.0,1.0,3.0
1004,152,419.0,RESOURCE OPTIMIZATION SPECIALIST,2017.0,2019.0,11.0,9.0
991,151,412.0,Senior Power BI Consultant,2019.0,2020.0,1.0,4.0
981,150,410.0,Business Data Analyst,2018.0,2020.0,9.0,1.0
163,27,68.0,Data Analyst,2016.0,2017.0,5.0,10.0
436,61,168.0,Data Analyst,2017.0,2017.0,8.0,11.0
115,23,56.0,Teaching Assistant,2014.0,2017.0,9.0,4.0
678,105,291.0,BI Developer,2021.0,,9.0,
243,37,98.0,Data Analyst,2018.0,2019.0,5.0,6.0
512,77,211.0,,2018.0,2019.0,9.0,2.0
454,67,179.0,,2020.0,2021.0,,
751,113,315.0,Student Researcher,2011.0,2015.0,,
870,129,357.0,Data Science Researcher,2018.0,2021.0,9.0,12.0
828,121,340.0,Credit Specialist,2017.0,2018.0,7.0,12.0
131,23,60.0,Graduate Teaching Assistant,2020.0,2020.0,1.0,4.0
136,23,59.0,Graduate Research Assistant,2018.0,2022.0,9.0,1.0
726,112,309.0,Research Student,2019.0,2019.0,1.0,8.0
83,16,43.0,Specialist,2016.0,2017.0,4.0,3.0
245,37,98.0,Data Analyst,2018.0,2019.0,5.0,6.0
675,104,288.0,Associate Consultant,2017.0,2019.0,12.0,2.0
323,51,133.0,Operational Excellence Coordinator,2021.0,,6.0,
62,12,30.0,,2020.0,2020.0,4.0,5.0
827,121,337.0,Data Analyst,2022.0,2022.0,1.0,5.0
374,56,32.0,Senior Data Analyst,2020.0,2020.0,1.0,11.0
849,125,351.0,Data Analyst,2019.0,2020.0,11.0,2.0
857,127,355.0,,2021.0,,,
298,47,117.0,DATA ANALYST,2010.0,2014.0,2.0,4.0
523,81,216.0,BI Developer,2021.0,,5.0,
1015,153,422.0,POWER BI DEVELOPER,2020.0,,8.0,
677,104,290.0,Power Bi Developer,2016.0,2016.0,1.0,9.0
108,21,51.0,Business Analyst/IT Support,2017.0,2019.0,,
201,30,79.0,Software Design Engineer,2011.0,2012.0,6.0,6.0
583,92,216.0,Data Engineer,2021.0,,1.0,
818,120,335.0,Data Analyst,2019.0,2019.0,,
1021,154,424.0,Technical Support Specialist,2020.0,2021.0,9.0,3.0
106,19,,,,,,
978,150,410.0,Business Data Analyst,2018.0,2020.0,9.0,1.0
157,27,66.0,Technical Support Associate,2006.0,2006.0,8.0,12.0
254,38,100.0,Business Intelligence Solution Associate,2022.0,2024.0,6.0,3.0
42,8,16.0,Bartender,2018.0,2018.0,7.0,8.0
76,14,37.0,BUSINESS ADMINISTRATOR,2013.0,2013.0,6.0,12.0
226,33,88.0,Lecturer,2013.0,2017.0,8.0,7.0
587,92,245.0,SQL\MSBI Developer,2016.0,2018.0,9.0,9.0
905,134,373.0,ASSISTANT MANAGER,1997.0,2002.0,,
460,68,181.0,Analyst,2005.0,2018.0,,
782,114,322.0,Math Tutor,2016.0,2016.0,5.0,7.0
864,129,359.0,Software Engineer,2016.0,2018.0,4.0,2.0
104,18,38.0,Business Analyst,2018.0,2019.0,5.0,8.0
135,23,56.0,Teaching Assistant,2014.0,2017.0,9.0,4.0
232,34,90.0,Credit Data Analyst,2010.0,2020.0,2.0,9.0
746,113,312.0,Post-Doctoral Researcher,2017.0,2018.0,,
765,113,315.0,Student Researcher,2011.0,2015.0,,
951,146,400.0,Data Science Analyst,2021.0,2021.0,8.0,12.0
8,3,5.0,Solution Architect,2020.0,2020.0,9.0,9.0
899,133,372.0,SQL DB Analyst,2016.0,2017.0,1.0,6.0
1027,155,427.0,Business Risk Analyst,2019.0,,,
202,30,80.0,Senior Business Intelligence Consultant,2017.0,2021.0,10.0,6.0
449,65,,,,,,
814,119,332.0,Data Analyst,2018.0,2019.0,7.0,9.0
137,23,58.0,CVITP Volunteer,2020.0,2020.0,1.0,5.0
199,30,77.0,,2021.0,2021.0,9.0,11.0
719,112,308.0,Analyst,2017.0,2017.0,1.0,11.0
497,73,202.0,Senior Manager,2015.0,2016.0,11.0,12.0
616,96,264.0,Expert,2017.0,2017.0,9.0,12.0
455,67,180.0,"Analyst, QA Information",2017.0,2019.0,,
701,108,296.0,Business Intelligence Analyst,2020.0,,12.0,
948,145,398.0,Product Analyst,2020.0,2021.0,3.0,4.0
425,60,165.0,Customer Service Agent/ Portal Data Analysis,2018.0,2018.0,5.0,10.0
936,142,394.0,Student Data Analyst,2020.0,2020.0,7.0,12.0
392,56,149.0,Business Intelligence Analyst,2017.0,2019.0,11.0,12.0
941,144,397.0,,2021.0,2022.0,6.0,2.0
982,150,409.0,Business Process Analyst,2008.0,2008.0,9.0,12.0
353,55,144.0,Aircraft Engineer,2019.0,2020.0,,
522,81,216.0,BI Developer,2021.0,,5.0,
473,72,194.0,Post-doctoral Fellow,2018.0,2020.0,1.0,11.0
809,117,331.0,CEO,2018.0,,,
315,50,128.0,SOFTWARE DEVELOPER,2015.0,2018.0,1.0,2.0
600,94,255.0,SQL Database Developer,2014.0,2015.0,8.0,7.0
274,42,106.0,Machine Learning Consultant,2021.0,,5.0,
288,47,116.0,DATA ANALYST/REPORTING ANALYTICS,2014.0,2017.0,5.0,1.0
882,130,360.0,Data Analyst,2021.0,,,
944,145,398.0,Product Consultant,2019.0,2020.0,6.0,3.0
295,47,117.0,TABLEAU DEVELOPER,2017.0,2021.0,2.0,12.0
310,50,124.0,POWER BI DEVELOPER,2020.0,2020.0,3.0,12.0
138,23,60.0,Graduate Teaching Assistant,2020.0,2020.0,1.0,4.0
892,131,366.0,Software Developer,2018.0,2019.0,7.0,4.0
904,134,374.0,LOAN PROCESSOR,2006.0,2012.0,,
955,146,401.0,Process Engineer,2016.0,2018.0,7.0,11.0
977,150,409.0,Business Process Analyst,2008.0,2008.0,9.0,12.0
622,96,263.0,Specialist,2012.0,2013.0,7.0,5.0
650,102,279.0,Business Development,2015.0,2018.0,11.0,3.0
79,15,39.0,BI Developer,2021.0,,1.0,
692,107,122.0,Power Bi Developer,2018.0,,6.0,
725,112,311.0,Practitioner,2014.0,,3.0,
431,61,166.0,Senior Sales Ops Analyst,2021.0,2022.0,2.0,1.0
365,55,143.0,Technician,2016.0,2016.0,,
785,115,324.0,Logistics Analyst,2019.0,2019.0,8.0,12.0
745,113,312.0,Post-Doctoral Researcher,2017.0,2018.0,,
851,126,216.0,Data Analyst,2021.0,,3.0,
43,8,16.0,Bartender,2017.0,2017.0,8.0,8.0
359,55,146.0,Aircraft Engineer,2020.0,,,
525,81,217.0,BI Developer,2017.0,2018.0,1.0,5.0
130,23,55.0,Desktop Support,2016.0,2016.0,4.0,8.0
681,105,293.0,BI Analyst,2018.0,2019.0,6.0,9.0
180,28,74.0,Enterprise Resource Database Analyst,2016.0,2017.0,1.0,1.0
859,129,356.0,Associate Software Engineer,2014.0,2016.0,7.0,3.0
176,27,70.0,Data Analyst,2021.0,,8.0,
663,102,274.0,Business & Organizational Development Manager,2018.0,2019.0,11.0,7.0
596,94,254.0,IT Operations Coordinator,2018.0,2019.0,6.0,3.0
712,111,306.0,Analyst,2017.0,2019.0,10.0,6.0
820,121,337.0,Data Analyst,2022.0,2022.0,1.0,5.0
649,102,276.0,Investment Manager,2021.0,2021.0,2.0,8.0
878,130,363.0,Customer Service Representative,2018.0,2019.0,,
731,113,312.0,Teaching Assistant,2011.0,2015.0,,
603,94,256.0,IT Technician,2017.0,2018.0,10.0,4.0
558,87,237.0,Supply Chain Data Analyst,2019.0,2020.0,3.0,2.0
300,48,119.0,Business Intelligence Analyst,2015.0,2020.0,,
423,60,165.0,Customer Service Agent/ Portal Data Analysis,2018.0,2018.0,5.0,10.0
426,60,163.0,Research and Development Intern,2016.0,2017.0,12.0,5.0
435,61,166.0,Senior Sales Ops Analyst,2021.0,2022.0,2.0,1.0
703,108,298.0,Business Intelligence Analyst,2016.0,2018.0,3.0,5.0
798,115,326.0,Customer Service Representative,2020.0,2021.0,4.0,4.0
637,102,274.0,Business & Organizational Development Manager,2018.0,2019.0,11.0,7.0
799,115,324.0,Production Assistant,2016.0,2017.0,8.0,9.0
209,31,83.0,DATA ANALYST,2019.0,2021.0,8.0,7.0
303,48,120.0,Performance Analyst,2021.0,,,
459,67,179.0,,2020.0,2021.0,,
166,27,64.0,Software Developer,2007.0,2008.0,1.0,1.0
925,138,387.0,Microsoft End-User Trainer,2009.0,2013.0,8.0,12.0
51,9,21.0,Analyst,2018.0,2021.0,11.0,4.0
413,58,159.0,Branch Manager,2022.0,,2.0,
380,56,150.0,Business System Analyst,2004.0,2008.0,6.0,12.0
251,37,97.0,Catalog Analyst,2020.0,2021.0,11.0,7.0
926,139,,,,,,
521,81,215.0,BI Developer,2018.0,2019.0,5.0,8.0
217,32,87.0,Business Intelligence Intern,2017.0,2017.0,1.0,7.0
352,55,143.0,Technician,2016.0,2016.0,,
499,74,203.0,IT Consultant,2010.0,2012.0,,
668,103,283.0,Senior BI Consultant,2017.0,2020.0,7.0,12.0
628,98,267.0,Analyst,2010.0,2011.0,,
653,102,273.0,Senior Management Consultant,2004.0,2015.0,5.0,10.0
153,27,66.0,Technical Support Associate,2006.0,2006.0,8.0,12.0
227,34,90.0,Credit Data Analyst,2010.0,2020.0,2.0,9.0
646,102,278.0,Area Manager,2001.0,2004.0,6.0,4.0
35,8,15.0,,2021.0,2021.0,2.0,6.0
73,14,36.0,BUSINESS MARKETING COORDINATOR,2014.0,2015.0,4.0,8.0
321,50,129.0,SENIOR REPORTING ANALYST,2004.0,2009.0,8.0,6.0
908,134,374.0,CREDIT INVESTIGATOR,2002.0,2006.0,,
464,69,185.0,BI Developer,2014.0,2016.0,,
776,114,318.0,Design Engineer,2020.0,,9.0,
152,27,65.0,Analyst,2018.0,2021.0,10.0,7.0
569,88,240.0,Data Analyst,2016.0,2018.0,6.0,12.0
688,107,123.0,Jr Business Analyst,2015.0,2017.0,5.0,8.0
730,113,313.0,Post-Doctoral Researcher,2015.0,2016.0,,
74,14,34.0,Business Analyst,2018.0,,1.0,
91,16,43.0,Specialist,2016.0,2017.0,4.0,3.0
189,29,76.0,Business Intelligence Analyst,2020.0,,2.0,
854,126,354.0,SQL BI Analyst,2016.0,2018.0,1.0,3.0
989,150,408.0,Business Analyst,2010.0,2011.0,6.0,2.0
252,38,99.0,Software Engineer,2018.0,2021.0,7.0,8.0
654,102,273.0,Senior Management Consultant,2004.0,2015.0,5.0,10.0
124,23,58.0,CVITP Volunteer,2020.0,2020.0,1.0,5.0
821,121,338.0,,2019.0,2021.0,1.0,4.0
159,27,70.0,Data Analyst,2021.0,,8.0,
848,124,348.0,Functional Consultant,2019.0,2021.0,9.0,8.0
697,107,121.0,Business Intelligence Analyst,2017.0,2018.0,10.0,5.0
98,16,42.0,Senior Business Analyst,2017.0,2018.0,7.0,10.0
